,,,,,,,,,,,,,,,,,,,,,,,,,,,,,,,,,,,,,,,,,,,,,,,,,,,
,,A-1+  F1+  P-1  R-1Hi  R-1Mi,A-1+  F1+  P-1  R-1Hi  R-1Mi,A-1+  F1+  P-1  R-1Hi  R-1Mi,A-1+  F1+  P-1  R-1Hi  R-1Mi,A-1+  F1+  P-1  R-1Hi  R-1Mi,A-1+  F1+  P-1  R-1Hi  R-1Mi,A-1+  F1+  P-1  R-1Hi  R-1Mi,A-1+  F1+  P-1  R-1Hi  R-1Mi,A-1+  F1+  P-1  R-1Hi  R-1Mi,A-1+  F1+  P-1  R-1Hi  R-1Mi,A-1  F1  R-1Lo SR0,A-1  F1  R-1Lo SR0,A-1  F1  R-1Lo SR0,A-1  F1  R-1Lo SR0,A-1  F1  R-1Lo SR0,A-1  F1  R-1Lo SR0,A-1  F1  R-1Lo SR0,A-1  F1  R-1Lo SR0,A-1  F1  R-1Lo SR0,A-1  F1  R-1Lo SR0,A-2  F2  P-2  R-2Hi  R-2Mi  R-2Lo SR1,A-2  F2  P-2  R-2Hi  R-2Mi  R-2Lo SR1,A-2  F2  P-2  R-2Hi  R-2Mi  R-2Lo SR1,A-2  F2  P-2  R-2Hi  R-2Mi  R-2Lo SR1,A-2  F2  P-2  R-2Hi  R-2Mi  R-2Lo SR1,A-2  F2  P-2  R-2Hi  R-2Mi  R-2Lo SR1,A-2  F2  P-2  R-2Hi  R-2Mi  R-2Lo SR1,A-2  F2  P-2  R-2Hi  R-2Mi  R-2Lo SR1,A-2  F2  P-2  R-2Hi  R-2Mi  R-2Lo SR1,A-2  F2  P-2  R-2Hi  R-2Mi  R-2Lo SR1,A-3  F3  P-3  NP  B  C  D  R-3  R-4Sp  R-5Hs SR2 SR3 SR4 SR5 SRD,A-3  F3  P-3  NP  B  C  D  R-3  R-4Sp  R-5Hs SR2 SR3 SR4 SR5 SRD,A-3  F3  P-3  NP  B  C  D  R-3  R-4Sp  R-5Hs SR2 SR3 SR4 SR5 SRD,A-3  F3  P-3  NP  B  C  D  R-3  R-4Sp  R-5Hs SR2 SR3 SR4 SR5 SRD,A-3  F3  P-3  NP  B  C  D  R-3  R-4Sp  R-5Hs SR2 SR3 SR4 SR5 SRD,A-3  F3  P-3  NP  B  C  D  R-3  R-4Sp  R-5Hs SR2 SR3 SR4 SR5 SRD,A-3  F3  P-3  NP  B  C  D  R-3  R-4Sp  R-5Hs SR2 SR3 SR4 SR5 SRD,A-3  F3  P-3  NP  B  C  D  R-3  R-4Sp  R-5Hs SR2 SR3 SR4 SR5 SRD,A-3  F3  P-3  NP  B  C  D  R-3  R-4Sp  R-5Hs SR2 SR3 SR4 SR5 SRD,A-3  F3  P-3  NP  B  C  D  R-3  R-4Sp  R-5Hs SR2 SR3 SR4 SR5 SRD,Non notés,Non notés,Non notés,Non notés,Non notés,Non notés,Non notés,Non notés,Non notés,Non notés
,,1 jour,1 semaine,2 semaines,1 mois,2 mois,3 mois,4 mois,6 mois,9 mois,12 mois,1 jour,1 semaine,2 semaines,1 mois,2 mois,3 mois,4 mois,6 mois,9 mois,12 mois,1 jour,1 semaine,2 semaines,1 mois,2 mois,3 mois,4 mois,6 mois,9 mois,12 mois,1 jour,1 semaine,2 semaines,1 mois,2 mois,3 mois,4 mois,6 mois,9 mois,12 mois,1 jour,1 semaine,2 semaines,1 mois,2 mois,3 mois,4 mois,6 mois,9 mois,12 mois
,03/06/16,,,,,,,,,,,4528.6,1800.35,502.52,,,1653.1,,90.87,,1749.368,,,,,,,,,,300,,,,,,,,,,,,,,6.721,,,,,,6.6
,10/06/16,,,,,,,,,,,4992.7,1801.9,,10.57,,908.15,,71.7,,2093,,,,,,,,,,,,,,,,,,,,,,,,,,,,,,
,17/06/16,,,,,,,,,,10,4166.5,,2.2,,,1141.8,,,,851.3,,,,,,,,,,322,,,,,,,,,,,,,,,,,,,,1.65
,24/06/16,,,,,,,,,,,9632.2,814.35,,534.07891,,1033.17,,45.9,,509.5,,,,,,,,,,190,,,,,,,,,,,,,,,,71.194,,,,1.15
,01/07/16,,,,,,173,,,,57.762,11691.8,,,97.163792,122.45,1183.516686,,,,175.42,,,,,,,,,,,,,,,,,,,,,,,,,,243.2,,,,52.29
,08/07/16,,,,,,525,,231,,,4571,3201.24,,2.25,76.1,1113.5,,171.98,41.2,1943.338357,,,,,,160,,,,,,,,,1800,,,,,,,,,,,,,,,
,15/07/16,,,,,,93,,182,,278,1986,1550,,,,342.45,,42.83,,3388.025085,,,,,,249,,,,355,,,,,,,,,,,,,,,,,,,,
,22/07/16,,,,,,385,,422,,200,4846,842.5,,633.636134,26.93,376.675,,,12.6,1805.1,,,,,,,,,,250.5,,,,,,,,,,,,,,,,,,,,
,29/07/16,,,,,,,,,,562.077,5609,,,386.416176,,2231.726069,76.15,110.7,,2326.31302,,,,,,,,,,,,,,,,,,,,,,,,,,292.88996,,,,26.25
,05/08/16,,,,,,,,,,707,5869,2151.099,,,,759.3,,716,,3112,,,,,,,,,,539.305,,,,,,,,,,,,,,,,,,,,70.5
,12/08/16,,,,,,,,,,257.339,1260,3301.227,,,,825.85,,698.5,,3824.15,,,,,,,,,,198,,,,,,,,,,,,,,,,,,,,
,19/08/16,,,,,,,,300,,39,2326,,,,,344,155,622.9,131.5,1346.3,,,,,,,,,,,,,,,,,,,,,,,,,,,,,,
,26/08/16,,,,,,,,140,,265.529,3270,1078.55,,705.439075,,1056.769121,,1054.616134,,2697.825,,,,,,120,,,,,,,,,,,,,,,,,,,,,,,,
,02/09/16,,,,,,,,213,,212,2880,,,,,1480,,186.6,,3957.55,,,,,,,,,,136.2,,,,,,,,,,,,,,,,,,7,,
,09/09/16,,,,,,,,690,,1148.5025,4318,1803.19,,,3.6,831.75,,547.3,,3101.35,,,,,,,,,,,,,,,,,,,,,,,,,,,,,,
,16/09/16,,,,,,,,144,,39,8386.7,,150.851,,,530,60.53,126,,4905.296412,,,,,,,,,,120,,,,,,,,,,,,,,,,,,,,28.9763
,23/09/16,,,,,,,,,,517,1236,2051.05,,677.192448,,522.016932,,,,1381.4096,,,,,,,,,,,,,,,,,,,,,,,,,,,,,,14.1
,30/09/16,,,,,,,,,,,3939,706.25,,158.485338,,2166.3,,393.65,,2818.425728,,,,,,,,,,,,,,,,,,,,,,,,,,,,,,
,07/10/16,,,,,,,,,,126,4680,63.35,,,,264.8,,156,,2717.726409,,,,,,,,,,100,,,,,,,,,,,,,,,,,,,,
,14/10/16,,,,,,,,,,1205.356,3913.7,582.56,600.705,,,176,,26.779771,,3712.5,,,,,,,,,,488,,,,,,,,,,,,,,,,,,,,
,21/10/16,,,,,,502,,,,398,6563,392.5,,,,436.8,,133.5,95,2308.15715,,,,,,154,,,,206,,,,,,,,,,,,,,,,,,,,
,28/10/16,,,,,,,,35,,,5559,567.15,,691.476865,,680.567421,12.45,653,317,3215.228989,,,,,,,,,,345,,,,,,,,,,,,,,,,,,,,
,04/11/16,,,,,,,,,,55,3468.8,1539.13,,,257.501,965,,,,4692.3,,,,,,,,,,,,,,,,,,,,,,,,,,,,,,
,11/11/16,,,,,,,,84,,158,3660,1823,57.37,76.28,65.15,555.3,,125,,892.55,,,,,,212,,,,,,,,,,,,,,,,,,,,,,,,
,18/11/16,,,,,,,,434.5,,415,7122.3,1649,,,41.47,710.56,,85.26,,588.76,,,,,,,,,,,,,,,,,,,,,,,,,,278.2,,,,
,25/11/16,,,,,,,,,,33,5832,1828,,623.742013,128.45,1279.706,,82.406,160,606.476527,,,,,,,,,,,,,,,,,,,,,,,,,,81,,,,
,02/12/16,,,,,,,,107.55,,,4886,2554,,75.725,,2207.469121,,197.2,,2676.179741,,,,1506,,573,,,,,,,,,,,,,,,,,,,,,,,,27.35
,09/12/16,,,,,,,,,,525,5671,3824,,,6.1,323.15,,27.15,,2265.919319,,,,,,,,,,,,,,,,,,,,,,,,,,110,,,,
,16/12/16,,,,,,,,,,679.5,3095,2235,,,50.85,309.1,,,,648.503375,,,,,,,,,,,,,,,,,,,,,,,,,,,,,,69.61
,23/12/16,,,,,,,,,,257,2373,2125,323,839.144147,81,624.037423,38,103.35,,547.7699,,,,,,,,,,130.2,,,,,,,,,,,,,,,,,,,,5.05
,30/12/16,,,,,,,,,,32,7364.95,525.2,,116.127979,,1038.13,,,,57.629185,,,,,,,,,,,,,,,,,,,,,,,,,,104,,,,
,06/01/17,,,,,,,,63,,,7117,2640,,,,994.62,,123.156,,2949.262575,,,,,,,,,,964,,,,,,,,,,,,,,,,153,,,,248
,13/01/17,,,,,,,,,,59,6355,3055,,,,1556.15,46.9,164,,3067.5,,,,,,,,,,650,,,,,,,,,,,,,,,,,,,,105.15
,20/01/17,,,,,,87,,,,215,4899,2935,,,1.38,233.15,,141.3,,5053,,,,,,29,,,,277.2,,,,,,,,,,,,,,,,,,,,
,27/01/17,,,,,,139,,,,,4791,,,587.61047,,1948.119481,,156.25,195,1685.055,,,,,,,,,,184,,,,,,,,,,,,,,,,,,,,
,03/02/17,,,,,,,,,,,3622,2704,,,,2218.4,151.65,140.221,,3450.176,,,,,,,,39,,389,,,,,,,,,,,,,,,,81.35,,,,
,10/02/17,,,,,,,,200,,224,5367,3819.5,,,,651,40.3,525,,2751.635,,,,,,,,,,733.5,,,,,,,,,,,,,,,,57,,,,2.66
,17/02/17,,,,,,270,,,,543,5625,3659,,,,437,,,,1135.334,,,,,,,,,,,,,,,,,,,,,,,,,,,,,,
,24/02/17,,,,,,,,175,,,4420,2300,,705.205291,,616.385,,143.4813,,2086.33585,,,,,,,,,,,,,,,,,,,,,,,,,,,,,,
,03/03/17,,,,,,,,,,137,5495,3940,,,,1220.151475,,122.1,,1169.5,,,,,,,,,,,,,,,,,,,,,,,,,,138,,,,
,10/03/17,,,,,,,,,,,6587,,1800.3,,,447.23,,189.3,,1959.3,,,,,,,,,,560,,,,,,,,,,,,,,,,,,,,125
,17/03/17,,,,,,,,,,,5353.8,1393.834228,,,,125.88,,315,,2434,,,,,,,,,,,,,,,,,,,,,,,,,,,,,,
,24/03/17,,,,,,,,,,,5627.25,,,,,635.497119,,57,,657.4,,,,,,,,,,,,,,,,,,,,,,,,,,200,,,,
,31/03/17,,,,,,,,,,,6271.5,,,,,3165,,,,815.6,,,,,,,,,,,,,,,,,,,,,,,,,,,,,,170.15
,07/04/17,,,,,,,,,,,4159,1498,,,,753.5,,113.6,36.6,1285.1,,,,,,799,,,,,,,,,,,,,,,,,,,,,,,,
,14/04/17,,,,,,352,,,,,2412,2548,,,,273.7,,23,,242.3,,,,,,195,,,,290.5,,,,,,,,,,,,,,,,,,,,
,21/04/17,,,,,,,,464,,,4765,,,,,363,,34,,1158.5,,,,,,,,,,,,,,,,,,,,,,,,,,,,,,
,28/04/17,,,,,,,,,,,5181,,,664.312421,,767.642775,,85,32.4,1177.9635,,,,,,,,,,130,,,,,,,,,,,,,,,,,,,,
,05/05/17,,,,,,,,,,,5712,,,,,968.95,,,,916.3731,,,,,,275,,,,190,,,,,,,,,,,,,,,,,,,,
,12/05/17,,,,,,,,115,,123.5,3591,2783.45,,,,1192,,,,3690.535459,,,,,,,,,,1046,,,,,,,,,,,,,,,,82.85,,,,105.4
,19/05/17,,,,,,,,,,,2496,3260,,,,1514.06,,81.5,,1787.75,,,,,,,,,,383.174,,,,,,,,,,,,,,,,263.4,,,,136.6
,26/05/17,,,,,,,,,,150,2899,1957,,767.321773,,1971.072606,,217.5,,826.488398,,,,,,,,,,,,,,,,,,,,,,,,,,163.45,,,,49
,02/06/17,,,,,,,,,,26,2579,1953,,,,579.4,,18.5,,1579.224,,,,,,,,,,,,,,,,,,,,,,,,,,83,,,,
,09/06/17,,,,,,,,265,,,3386,2350,,,,617.3,,174,,4219.39,,,,,,,,,,55,,,,,,,,,,,,,,,,,,,,
,16/06/17,,,,,,,,,,,6227,,,,,603.23,,222,310,963.8,,,,,,,,,,347,,,,,,,,,,,,,,,,,,,,
,23/06/17,,,,,,,,,,,2260,,,,,499.382318,,105.8,,2182.5,,,,,,,,,,,,,,,,,,,,92,,,,,,237,,,,
,30/06/17,,,,,,195,,,,,4641,606,,,604.5,1619.1,,,,471,,,,,,,,,,,,,,,,,,,,,,,,,,79.7,,,42,51.52
,07/07/17,,,,,,,,,,,2958,741,,,,676.45,,128.156,,740,,,,,,,,,,,,,,,,,,,,,,,,,,,,,,
,14/07/17,,,,,,,,,,,4022,,,,,502.9,,50.3,,2212.000811,,,,,,,,,,,,,,,,,,,,,,,,,,,,,,22
,21/07/17,,,,,,,,,,,3369,,,,,605.5,,113.8,,2641,,,,,,,,,,,,,,,,,,,,,,,,,,,,,,
,28/07/17,,,,,,,,,,765,4207,,,1582.870948,,3458.161915,,146,,3280.332033,,,,,,,,,,,,,,,,,,,,,,,,,,,,,,
,04/08/17,,,,,,120.5,,45,,,1799,,,,,442.5,50.5,150.8,,4233.5,,,,,,,,,,431,,,,,,,,,,1074,,,,,,45,,,,
,11/08/17,,,,335,,,,,,25,1487,1456.2,,,,667.5,,225.3,142,4392.55,,,,,,,,,,,,,,,,,,,,405.6825,,,,,,78.2,,,,28.5
,18/08/17,,,,,,,,45,,,,1377,,,,563.5,,10.55,60,472,,,,,,,,,,97.5,,,,,,,,,,,,,,,,446,,,,
,25/08/17,,,,,,,,,,,791,,,786.315147,,807.3,,161.15,,3952.825,,,,,,63,,,,,,,,,,,,,,,,,,,,104,,,,
,01/09/17,,,,,,40,,,,,3560,,,,1635.45,419.554808,,167.1,,2072.28,,,,,,,,,,238,,,,,,,,,,,,,,,,136,,,,
,08/09/17,,,,,,,,,,,1888,,,,,811.65,,135.6,,4354.8,,,,,,,,,,,,,,,,,,,,,,,,,,,,,,
,15/09/17,,,,,,,,90,,,555,,,,,422,,49,,2062.553309,,,,,,,,,,212,,,,,,,,,,114,,,,,,119,,,,4.457
,22/09/17,,,,,,,85,,,,2765,997,,,,330.38,11.62,167,,2102.27,,,,,,,,,,,,,,,,,,,,,,,,,,,,,,
,29/09/17,,,,,,,,35,,,3898,1146,,148.51493,263,3944.556538,,357.5,,672,,,,,,,,,,,,,,,,,,,,,,,,,,35.4,,,,23.95
,06/10/17,,,,,,,,,,,2673,1587,,,68,540.45,55,59,,1777,,,,,,,,,,115,,,,,,,,,,188.5,,,,,,,,,,35.15
,13/10/17,,,,,,,,,,776,3137,2486.5,,,,264,275,126.25,281,4713.622312,,,,,,,,,,364,,,,,,,,,,,,,,,,,,,,
,20/10/17,,,,,,,,,,,3566,2051,,,,377.5,,86,,2756.258,,,,,,,,,,335,,,,,,,,,,,,,,,,,,,,
,27/10/17,,,,,,,,272,,,4941,696.5,,429.69609,,1222.163579,,42.6,,1276.65,,,,,,,,,,275,,,,,,,,,,,,,,,,,,,,120
,03/11/17,,,,,,,,,,553,1957,921,,,,862,,,,2254.763,,,,,,,,,,,,,,,,,,,,,,,,,,109,,,,
,10/11/17,,,,,,,,,,663,3209,463,,,217.5,857,150,120.84,,2155.5,,,,,,,,,,642,,,,,,,,,,647,,,,,,70,,,,
,17/11/17,,,,,,,,,,560,4355,325.5,,,163,463.9,,76,55,449,,,,,,,,,,,,,,,,,,,,747,,,,,,170,,,,
,24/11/17,,,,,,,,,,223,3293,359.5,,,,683.95,80,207,,1303.448465,,,,,,,,,,,,,,,,,,,,,,,,,,185.5,,,,
,01/12/17,,,,,,,,,,470,4739,,,,160.3,3027.95123,,80,,1408.5,,,,,,,,,,,,,,,,,,,,,,,,,,91,,,,180
,08/12/17,,,,,,,,,,,5000,,,307.347893,,673,105,218.190785,,368.49,,,,,,,,,,,,,,,,,,,,,,,,,,114,,23,,69.1
,15/12/17,,,,,,,,,,,3605,,,,,960,,56.2,,3411.316891,,,,,,,,,,,,,,,,,,,,,,,,,,,,,,115.15
,22/12/17,,,,,,,,275,,,2530,2357,,,300,454.575562,,142,,1730,,,,,,,,,,,,,,,,,,,,,,,,,,76,,59,,166.788
,29/12/17,,,,,,,,,,,1035,,,,240,2341.85,,,,802.439185,,,,,,,,,,,,,,,,,,,,,,,,,,19,,,,
,05/01/18,,,,,,,,,,,5740,984.5,,,81,896,,,,1719.709823,,,,,,,,,,,,,,,,,,,,,,,,,,,,,,172.5
,12/01/18,,,,,,75,,125,,259,,,,,,456.75,,46.2,174.5,4764,,,,,,,,,,1740,,,,,,,,,,,,,,,,44,,,,
,19/01/18,,,,,,,,,,113,3803,1456,,,,665,,174.8,,4412.35,,,,,,,,,,450,,,,,,,,,,,,,,,,123.8,,,,
,26/01/18,,,,,,,,132,,,1386.5,,,2934.886729,,538.665242,,187.5,150,1236,,,,,,,,,,,,,,,,,,,,,,,,,,,,,,
,02/02/18,,,,,,,,,,348,2380,,,,,1997,,403,,6665.2,,,,,,,,,,997,,,,,,,,,,,,,,,,192,,,,
,09/02/18,,,,,,,,,,415,1082,406,,,145,420.3,,167.3,,1074.49,,,,,,172,,135,,589,,,,,,,,,,,,,,,,84.5,,,,142.0625
,16/02/18,,,,,,,,,,,2945,,,,,295,,,,609.11,,,,,,,,,,,,,,,,,,,,,,,,,,,,,,144.8
,23/02/18,,,,,,,,,,,3460,,,459.592949,,394.1,,194,,3067,,,,,,,,,,45.5,,,,,,,,,,,,,,,,77,,,,
,02/03/18,,,,,,230,,45,,,2120,1403.5,,,32.878,1921.844358,,483,,1590.03,,,,,,,,,,,,,,,,,,,,,,,,,,165,,,,152
,09/03/18,,,,,,,,,,,3222,907,,,152,826.8,,429.6,65,1984.171,,,,,,,,,,,,,,,,,,,,,,,,,,,,,,84
,16/03/18,,,,,,83,,145,,,4212,750,,,,397,,77,,922.5,,,,,,,,,,,,,,,,,,,,,,,,,,248.5,,,,
,23/03/18,,,,,,,,,,,5031,1154,,1415.560729,,746.417813,,286,,977.5,,,,,,,,,,1175,,,,,,,,,,,,,,,,66,,,,
,30/03/18,,,,,,,,,,,1649,1129,,,,2188,,,207,3569.900511,,,,,,,,,,,,,,,,,,,,,,,,,,110,,,,
,06/04/18,,,,,,,,,,,2440,,,,,515,,44.6,,3242.5,,,,,,,,,,,,,,,,,,,,,,,,,,,,,,
,13/04/18,,,,,,98.8,,,,,2896,,,,,303.8,,325,,952.737,,,,,,,,,,,,,,,,,,,,,,,,,,,,,,157
,20/04/18,,,,,,300.5,,,,,2506,588,,,,754.5,,,45,843.7,,,,,,,,,,,,,,,,,,,,,,,,,,10.85,,,,
,27/04/18,,,,,,145,,,,165,3158,,,1640.894865,40.6,705.16687,,84.1,,669.9135,,,,,,,,,,,,,,,,,,,,,,,,,,,,,,
,04/05/18,,,,,,,,,,,2480,445,,,,1735.5,,181,,247,,,,,,,,,,,,,,,,,,,,,,,,,,75,,,,
,11/05/18,,,,,,,,,,,,,,,,299.3,,510,,1561.03,,,,,,,,,,,,,,,,,,,,,,,,,,,,,,
,18/05/18,,,,,,,,,,,3594,1150,,,,866.9,,196.657,,665.333,,,,,,,,,,,,,,,,,,,,,,,,,,,,,,
,25/05/18,,,,,,,,,,,1702,603,,,,316.7,,182,,1241.5,,,,,,,,,,,,,,,,,,,,,,,,,,,,,,
,01/06/18,,,,,,140,,,,,2647,,,,,2365.581511,,329,,2226.882,,,,,,,,,,,,,,,,,,,,,,,,,,204,,60,,
,08/06/18,,,,,,238,,,,,1320,,,,,846.373398,180,295.5,210,4974.415,,,,,,,,,,,,,,,,,,,,,,,,,,52.95,,94,,
,15/06/18,,,,,,,,,,,1501,381.8,,,,1465.7,,91.5,,1753.942,,,,,,,,,,,,,,,,,,,,,,,,,,267.5,60.35,,,
,22/06/18,,,,,,,,,,,1062,,,,,521,,258,,963.8,,,,,,,,,,,,,,,,,,,,,,,,,,119,,62.85,,
,29/06/18,,,,,,166,,,,,730,,,,143,2177.639097,,285.5,,2586,,,,,,,,,,,,,,,,,,,,,,,,,,,,25.6,,82
,06/07/18,,,,,,,,264.5,,,520,875,,,,466.65,,,,2558.581888,,,,,,,,,,,,,,,,,,,,,,,,,,,,,,
,13/07/18,,,,,,,,,,,,,,,,480.1,,156.3,,3037.972,,,,,,1005,,,,55,,,,,,,,,,,,,,,,,,,,
,20/07/18,,,,,,,,,,,,,,,,390.3,,149.975,,852,,,,,,260,,,,130.5,,,,,,,,,,,,,,,,,,,,
,27/07/18,,,,,,,,,,,1372,,,,,549.168515,,,,2186.7,,,,,,,,,,,,,,,,,,,,,,,,,,,,,,121.1
,03/08/18,,,,,515,68,,,,,800,,,,,2074.5,,89.42,,2055.5,,,,,,152,,,,78,,,,,,,,,,,,,,,,53.7,,,,143.75
,10/08/18,,,,,,,,,,197,,,,,,287.5,,528,,2968.5,,,,,,,,,,,,,,,,,,,,,,,,,,153,,,,
,17/08/18,,,,,,,,,,,,,,,,637.2,,195,,1897.8,,,,,,,,,,,,,,,,,,,,,,,,,,,,,,
,24/08/18,,,,,,,,,,35,577,,,,,952.1,,102.3,,2133.173,,,,,,80,,,,,,,,,,,,,,,,,,,,,,,,
,31/08/18,,,,,,35,,,,,858,,,,,1553.283012,,311.5,27,2367.2,,,,,,,,,,,,,,,,,,,,,,,,,,,,,,
,07/09/18,,,,,,502,,460,,,1282,,,,,376,85,219,,1328,,,,,,,,,,,,,,,,,,,,,,,,,,145,,,,227.5
,14/09/18,,,,,,400,,,,100,1428,510.5,,,,750.8,90,91.5,,4969.8,,,,,,90,,,,242.5,,,,,,,,,,,,,,,,38.5,,,,55.3
,21/09/18,,,,,,,,,,,,,,,,404.2,,115,,2184,,,,,,,,,,,,,,,,,,,,,,,,,,108.6,,,,
,28/09/18,,,,,,,,,,130,929.3,1627,,1466.64987,,2394.105803,,233.5,125,2497.02,,,,,,,,,,,,,,,,,,,,,,,,,,86.2,,,,
,05/10/18,,,,,,,,,,,1168,,,,64.8,1176.5,,380,150,2079,,,,,,,,,,,,,,,,,,,,,,,,,,,,,,
,12/10/18,,,,,,,,120,,,946,951.23,,,,695,,284,,4262.25447,,,,,,,,,,,,,,,,,,,,,,,,,,,,,,
,19/10/18,,,,,,,,,,,708,375,,,,244.5,110.15,70,,3387.7,,,,,,297,,,,340,,,,,,,,,,,,,,,,,,,,
,26/10/18,,,,,,,,,,,,,,1705.566181,,610.67018,,105.15,83,2625.4,,,,,,157,,,,,,,,,,,,,,,,,,,,,,,,130
,02/11/18,,,,,,,,,,,,,,,,1088,,154,379,2440,,,,,,,,,,,,,,,,,,,,,,,,,,61.2,,,,125.7
,09/11/18,,,,,,,,,,,,,,,,443.1,,1033.8,,2785.952,,,,,,,,,,,,,,,,,,,,,,,,,,55,,55,,155
,16/11/18,,,,,,,,,,59,2215,,,,,329.5,,572,,3559,,,,,,,,,,,,,,,,,,,,,,,,,,130,,,,
,23/11/18,,,,,,,,,,,,1490,,,,620.9,,95.1572,132,2021.700098,,,,,,,,,,,,,,,,,,,,,,,,,,91,,,,
,30/11/18,,,,,,75,,,,,,,,1429.970721,,210.784513,,227.9,92,772.4,,,,,,,,,,,,,,,,,,,,,,,,,,73,,,,
,07/12/18,,,,,,,,,,,,,,,,537.1,,216,59,3250.5,,,,,,104,,,,,,,,,,,,,,,,,,,,,,45,,
,14/12/18,,,,,,,,,,,,,,,,986.8,,62,,1930.900298,,,,,,217,,,,,,,,,,,,,,,,,,,,,,,,81
,21/12/18,,,,,,,,,,,2367.1,,,,,1057.001601,,,,1908.6,,,,,,,,,,,,,,,,,,,,,,,,,,220.5,,156.5,,133
,28/12/18,,,,,,,,,,,1042,31,,1795.954606,,983.674143,,195.65,,640,,,,,,,,,,,,,,,,,,,,,,,,,,,,,,
,04/01/19,,,,,,,,,,,,,,1333,,863,,1052.5,,1802.189185,,,,330,,755,,,,,,,,,,,,,,,,,,,,201,,,,
,11/01/19,,,,,,,,,,730,571,1801.62,,,,1337.4,,949.5,,2911.5,,,,,,1792,,,,239,,,,,,,,,,,,,,,,,,,,
,18/01/19,,,,,,,,,,115,,1875,,,,621,,644.6,,2294,,,,,,270,,,,,,,,,,,,,,,,,,,,,,73.3,,20.3
,25/01/19,,,,,,,,,,,,,,2141.592723,,487.016012,,55.27,270,3374,,,,,,157,,,,169,,,,,,,,,,,,,,,,,,,,
,01/02/19,,,,,,,,,,104,1064,,,,,479.562392,,190,115.725829,1171.96,,,,,,,,,,95,,,,,,,,,,,,,,,,,,,,
,08/02/19,,,,,,78,,,,,,,,,,501.3,,241.4,43,5300.5,,,,,,296,,130,,80,,,,,,,,,,,,,,,,62,,134.82,,
,15/02/19,,,,,,41.5,,,,,1683,,,50.55,,733.7,,277,129.5,1118.3,,,,,,,,,75,280,,,,,,,,,,,,,,,,75.5,,,,
,22/02/19,,,,,,123,,,,,1723,,,,,433.8,,189,,1838,,,,,,,,,,138.5,,,,,,,,,,,,,,,,93,,,,
,01/03/19,,,,,,315,,,,30,1960,,,1418.836489,,691.84322,,473,,665.73,,,,,,,,145,,305,,,,,,,,,,,,,,,,,,51.3,36,
,08/03/19,,,,,,,,,,,1603,2271,,,,667.95,,136,,1324,,,,,,,,,,280,,,,,,,,,,,,,,,,,,,,
,15/03/19,,,,,,,,,,,1530,,,,,571,,99.5,,2016,,,,,,,,,,614,,,,,,,,,,,,,,,,75,,,,185
,22/03/19,,,,,,120,,,,,1858,,,,,783,,47,,1867,,,,,,,,,,50,,,,,,,,,,,,,,,,143.5,,,,195.5
,29/03/19,,,,,,,,,,,970,1550,,,,1509.278664,,176,175,691,,,,,,,,,,190,,,,,,,,,,,,,,,,,,,,252
,05/04/19,,,,,139.6,506,,,,615,735,1560,,,,793.5,,83.1,,3150,,,,,,,,,,75,,,,,,,,,,,,,,,,,,280.1464,,
,12/04/19,,,,,,,,114.5,,,853,,,,34.3,476.6,,226,127,2785.600608,,,,,,,,,,1196.5,,,,,,,,,,,,,,,,,,,,112.6
,19/04/19,,,,,,,,,,,,,,,,475,,123,,2779.5,,,,,,,,,,,,,,,,,,,,,,,,,,,,,,96.8
,26/04/19,,,,,,,,,,,1467,,,1980.22985,,248.173436,,61,,2340.633,,,,,,112.5,,,,,,,,,,,,,,,,,,,,,,,,126.4
,03/05/19,,,,,,,,,,,1830,,,,15.848,239.75,,144,115,1189.3635,,,,,,,,,,,,,,,,,,,,,,,,,,,,,,
,10/05/19,,,,,,870,,,,,951,,,,,170.8,,85,,2018,,,,,,,,,,116,,,,,,,,,,,,,,,,,,100,,203.45
,17/05/19,,,,,,954.5,,,,,,,,15.18,,546.4,,251,,3040.65,,,,,,,,,,100,,,,,,,,,,,,,,,,,,,,100.4
,24/05/19,,,,,,,,,,,2220,,,88.135639,,350.657,,80,,3370.6,,,,,,,,,,115,,,,,,,,,,,,,,,,,,,,95.5
,31/05/19,,,,,,,,,,947,,,,,,864.18755,,,495,1571.4,,,,,,,,,,230,,,,,,,,,,,,,,,,,,,,
,07/06/19,,,,,,,,,,,1268,,,,,851.5,,62.5,,2718.8,,,,,,,,,,238,,,,,,,,,,,,,,,,,,110,,
,14/06/19,,,,,,,,,,211,,,,,44.2,371.5,,172.5,93,1954,,,,,,,,,,464,,,,,,,,,,,,,,,,,,,,
,21/06/19,,,,,,,,,,,399,,,,,896.5,,,,658.315,,,,,,,,,,506.5,,,,,,,,,,,,,,,,156.6,,,,
,28/06/19,,,,,,,,,,785,,,,,,460.910359,230,211.3,195,1087.5,,,,,,,,,,197.5,,,,,,,,,,,,,,,,44.5,,30.8025,,150
,05/07/19,,,,,,,,863.5,,,1968,,,,,686.5,,213.3,,2550.142,,,,57.9,,,,,,781,,,,,,,,,,,,,,,,,,,,
,12/07/19,,,,,,,,,,534,872.7,,,,,286.4,,147.3,,3074.7725,,,,,,,,,,613.5,,,,,,,,,,,,,,,,,,,,106.4
,19/07/19,,,,,,,,,,920,,,,,151,178.5,,,,860,,,,,,,,,,156,,,,,,,,,,,,,,,,,,,,
,26/07/19,,,,,,,,,,281.5,,,,1874.355701,,378.675083,,90,14,1294,,,,,,,,,,76,,,,,,,,,,,,,,,,,,,,370.7
,02/08/19,,,,,,,,,,1105,1060,,,,,670.5,,320.27,,2896.2,,,,,,,,,,103.7,,,,,,,,,,,,,,,,,,,,510.3
,09/08/19,,,,,,,,,,185,,,,,44,266.8,,392,,2496.3,,,,,,142,,,,,,,,,,,,,,,,,,,,155.8,,120.3284,,582.5
,16/08/19,,,,,,,,,,,,,,,,525.5,,,,2370,,,,,,,,,,317,,,,,,,,,,,,,,,,,,,,
,23/08/19,,,,,,,,,,630,695,,,160.507143,,505.1,,166,,3784.5,,,,,,,,,,268,,,,,,,,,,,,,,,,,,,,
,30/08/19,,,,,,,,,,,825,,,,56.8,585.389052,,,95,1725,,,,,,95,,,,,,,,,,,,,,,,,,,,,,69.3,,
,06/09/19,,,,,,,,,,,,,,,,1019,,491.15,,793.15,,,,,,73,,,,121,,,,,,,,,,,,,,,,,,,,452.8
,13/09/19,,,,,,,,,,,1445.6,,,,,375,,409,,1875,,,,,,,,,,817,,,,,,,,,,,,,,,,104,,,,88
,20/09/19,,,,,,,,,,,,,,,,594.7,,275,,2017.5,,,,,,,,,,,,,,,,,,,,,,,,,,99,,,,
,27/09/19,,,,,,,,,,540,,,,1597.999866,,649.45616,,,,1932.32,,,,,,,,,,,,,,,,,,,,,,,,,,,,,,253.5
,04/10/19,,,,,,,,,,877,,,,,,598.5,,257.5,,3789,,,,,,,,,,,,,,,,,,,,,,,,,,,,295,,295
,11/10/19,,,,,,,,,,,,,,,,229.3,,71.15,,3018.9,,,,,,,,,,,,,,,,,,,,,,,,,,,,65,,278
,18/10/19,,,,,,,,,,,22.5,,,,,287.5,,,,3022.547,,,,,,,,,,,,,,,,,,,,,,,,,,,,,,176.05
,25/10/19,,,,,,,,,,,,,,,200.78,245,,148.5,,2443.1,,,,,,,,,,325,,,,,,,,,,,,,,,,,,55.3,,124.3
,01/11/19,,,,,,,,,,510,,620.37,,,,714.526278,,415,,1032.225916,,,,,,,,,,,,,,,,,,,,,,,,,,,,,,513
,08/11/19,,,,,,,,,,,,,,,,345.3,,,,1220.1,,,,,,,,,,622,,,,,,,,,,,,,,,,81,,,,196.2755
,15/11/19,,,,,,,,,,,,,,,,371.5,,,117,338.3,,,,,,,,,,,,,,,,,,,,,,,,,,55,,,,
,22/11/19,,,,,,,,,,,1345,300,,,,554,,,,1573.95,,,,,,,,,,25,,,,,,,,,,,,,,,,,,,,81.5
,29/11/19,,,,,,,,153,,1265,,265.3,,,,525.952823,,119.8,,1195.6,,,,,,,,,,560,,,,,,,,,,,,,,,,,,,,
,06/12/19,,,,,,,,,,,,300.2,,,,191.5,,,,2075,,,,,,,,600,,,,,,,,,,,,,,,,,,,,110,,69.9566
,13/12/19,,,,,,,,,,,,,,,,185,,173.5,,716.4,,,,,,,,,,,,,,,,,,,,,,,,,,140,,,,173
,20/12/19,,,,,,,,,,,,,,,,1354.7,,160,22,2127.47125,,,,,,,,,,,,,,,,,,,,,,,,,,,,,,
,27/12/19,,,,,,,,,,,,,,1561.02999,,659.891219,,,,1140,,,,,,,,,,,,,,,,,,,,,,,,,,,,,,
,03/01/20,,,,,,,,,,,,,,,,556.5,,136,,2366.439185,,,,,,,,,,,,,,,,,,,,,,,,,,,,,,
,10/01/20,,,,,,,,,,75,,,,,,831.9,,536,66.5,7202.5,,,,,,75,,,,240,,,,,,,,,,,,,,,,,,90,,1194
,17/01/20,,,,,,,,,,880,,,,,,411.5,,123,,2898.5,,,,,,,,478,,845,,,,,,,,,,,,,,,,,,,102,
,24/01/20,,,,,,,,,,,,,,,,505,,146,,1589.9,,,,,,,,,,,,,,,,,,,,,,,,,,,,,,
,31/01/20,,,,,,,,,,,,,,,,998.348245,,,,746,,,,,,,,,,238,,,,,,,,,,,,,,,,,,,,
,07/02/20,,,,,,,,,,55,,,,,,1073.5,,158,225,2959,,,,,,223.8,,,,65,,,,,,,,,,,,,,,,,,,,
,14/02/20,,,,,,,,,,,,,,,,358.8,,,,1945.2,,,,,,,,,,95,,,,,,,,,,,,,,,,32,,,,
,21/02/20,,,,,,,,,,,,,,,,273,,116,,1047.6,,,,,,46,,,,,,,,,,,,,,,,,,,,,,,,210
,28/02/20,,,,,,,,,,,,,,,,427.855093,,202,,401,,,,,,,,,,201.5,,,,,,,,,,,,,,,,,,,,296
,06/03/20,,,,,,,,,,,,820,,,,225,,22,,870.85,,,,,,,,,,,,,,,,,,,,,,,,,,,,,,44
,13/03/20,,,,,,456,,,,,,,,,,137.5,,,,923,,,,,,,,,,,,,,,,,,,,,,,,,,,,,,
,20/03/20,,,,,,,,,,,,,,,,42.7,,,,201.5,,,,,,,,,,,,,,,,,,,,,,,,,,,,,,
,27/03/20,,,,,,,,,,,,,,,,27.553597,,,,18,,,,,,,,,,,,,,,,,,,,,,,,,,,,,,
,03/04/20,,,,,,122.5,,,,,,,,,,466.3,,,,130,,,,,,,,,,,,,,,,,,,,,,,,,,157,,,,
,10/04/20,,,,,,,,,,,,,,,,179.8,,,,,,,,287,,,,,,,,,,,,,,,,,,,,,,,,,,
,17/04/20,,,,,,,,,,,,,,,,119,,,,,,,,,,,,,,,,,,,,,,,,,,,,,,,,,,
,24/04/20,,,,,,30,,,,,,,,,,244.3,,121,,46.601218,,,,,,,,,,,,,,,,,,,,,,,,,,,,,,
,01/05/20,,,,,,535,,,,,1275,,,1810.937921,635,652.858228,55,65.25,,52.5635,,,,,,,,,,,,,,,,,,,,,,,,,,,,45.3,,
,08/05/20,,,,,,1468.5,,,,,2200,,,,,1769,,180,,123.5,,,,,,,,,,,,,,,,,,,,,,,,,,575,,,,
,15/05/20,,,,,,,,,,,3740,,,,,1251,,395,,85,,,,,,,,,,,,,,,,,,,,,,,,,,,,,,
,22/05/20,,,,,,,,,,,2140,,,,,122,,175,,,,,,,,,,,,,,,,,,,,,,,,,,,,,,,,44.5
,29/05/20,,,,,,,,,,,5000,,,,,1304.456621,,478.5,,512,,,,,,235,,,,,,,,,,,,,,,,,,,,,,,,
,05/06/20,,,,,,,,,,210,5805,,,,,800.5,,2069,235,1131,,,,,,307,,,,65,,,,,,,,,,,,,,,,,,330,,
,12/06/20,,,,325,,461,,,,86,10170,,,,,294,,1006,160,2222,,,,,,125,,361,,290,,,,,,,,,,,,,,,,,,301.5,,744
,19/06/20,,,,,,405,,,,365,11940,,,,,230,,461.5,,1139.5,,,,,,199,,,,1598,,,,,,,,,,,,,,,,,,,,
,26/06/20,,,,,,,,,,,6850,,,1644.763074,,369.75547,,,,2036,,,,,,,,,,100,,,,,,,,,,,,,,,,,,,,
,03/07/20,,,,,,,,,117,1503,9760,,,,,110.5,153,,,2343.75,,,,,,747,,,,,,,,,,,,,,,,,,,,,,,,515
,10/07/20,,,,,,,,,,,10370,,,,,282.8,,,,3144.722,,,,,,,,,,800,,,,,,,,,,,,,,,,,,,,181.6
,17/07/20,,,,,,,,,,215,6950,,,,,169,,,,1279.5,,,,,,,,,,,,,,,,,,,,,,,,,,,,,,
,24/07/20,,,,,,60,,,,259,5000,,,,,121.5,,387.5,,1911,,,,,,,,,,142,,,,,,,,,,,,,,,,,,,,
,31/07/20,,,,,,,,,,,2812,,,,,793.831361,,,,1258.75,,,,,,219,,,,,,,,,,,,,,,,,,,,,,,,
,07/08/20,,,,,,,,,,186,3434.5,,,,,,405,474.5,223,1636.2,,,,,,,,,,168,,,,,,,,,,,,,,,,168,,,,509
